{
    "mean_price": 1035.9521074025772,
    "median_price": 1035.9187924484804,
    "min_price": 999.6943790884046,
    "max_price": 1073.4558150898072,
    "p01": 1016.9775459589393,
    "p05": 1022.344097222257,
    "p95": 1049.6737326121581,
    "p99": 1055.2128203906245
}