{
    "mean_price": 991.2011665889399,
    "median_price": 991.1582991293405,
    "min_price": 950.3977353080797,
    "max_price": 1033.6669979688093,
    "p01": 969.9913664056346,
    "p05": 976.3331377752379,
    "p95": 1006.2085741973527,
    "p99": 1012.787131965401
}