{
    "mean_price": 523.7840176651139,
    "median_price": 523.7833143120712,
    "min_price": 520.6188000169467,
    "max_price": 526.9670636995945,
    "p01": 521.8219390056602,
    "p05": 522.3535198471349,
    "p95": 525.2170224347697,
    "p99": 525.7520618520832
}