{
    "mean_price": 481.47676201951515,
    "median_price": 481.4435139135906,
    "min_price": 456.5654077430712,
    "max_price": 507.67722027984297,
    "p01": 468.51317360121266,
    "p05": 472.3388541490528,
    "p95": 490.72367239338956,
    "p99": 494.7307144020555
}