{
    "var_95": -0.0027929287265859104,
    "var_99": -0.0005587016766497226,
    "cvar_95": -0.0013943949111848684,
    "cvar_99": 0.0005498987259529555,
    "max_drawdown": -0.0009453256806952643,
    "recovery_days": 1,
    "probability_of_loss": 0.0063,
    "probability_of_10pct_loss": 0.0,
    "probability_of_20pct_gain": 0.0
}