{
    "mean_price": 423.55034087792876,
    "median_price": 423.54815218770796,
    "min_price": 418.29411302403,
    "max_price": 428.86818541305416,
    "p01": 420.3847324025187,
    "p05": 421.3234428839128,
    "p95": 425.7846085991674,
    "p99": 426.7353768929479
}