{
    "mean_price": 403.8396000250272,
    "median_price": 403.82323785024755,
    "min_price": 390.04683551612726,
    "max_price": 418.08622088067597,
    "p01": 395.407909119698,
    "p05": 397.9057490036896,
    "p95": 409.82872912957146,
    "p99": 412.4176670886113
}