{
    "var_95": 0.014694550782522965,
    "var_99": 0.020879772421396183,
    "cvar_95": 0.01851811572463668,
    "cvar_99": 0.023843726349322424,
    "max_drawdown": -0.008301432801052203,
    "recovery_days": 6,
    "probability_of_loss": 0.5016,
    "probability_of_10pct_loss": 0.0,
    "probability_of_20pct_gain": 0.0
}