{
    "mean_price": 449.724115365186,
    "median_price": 449.56750917600914,
    "min_price": 399.34031018227495,
    "max_price": 506.1120552754345,
    "p01": 422.7743088678321,
    "p05": 430.61378681207987,
    "p95": 469.35549131938956,
    "p99": 478.05872058642365
}