{
    "mean_price": 539.5510807707203,
    "median_price": 36.89866642655948,
    "min_price": 0.0025758997043773355,
    "max_price": 434910.35173002246,
    "p01": 0.14471151156644083,
    "p05": 0.732084015821639,
    "p95": 1490.8694638001903,
    "p99": 7778.889004237062
}